{
  "project_info": {
    "project_number": "997842526429",
    "project_id": "damiandurossweighttracker",
    "storage_bucket": "damiandurossweighttracker.firebasestorage.app"
  },
  "client": [
    {
      "client_info": {
        "mobilesdk_app_id": "1:997842526429:android:586d311106a7bff9547b34",
        "android_client_info": {
          "package_name": "com.example.damiandurossweighttracker"
        }
      },
      "oauth_client": [],
      "api_key": [
        {
          "current_key": "AIzaSyApBTxpQQtMjqSsjTtqmFWcP0ZnzhttVU0"
        }
      ],
      "services": {
        "appinvite_service": {
          "other_platform_oauth_client": []
        }
      }
    }
  ],
  "configuration_version": "1"
}